Doc ID,Biomedical Entities,Entity Types
0,"['anorectal', 'endosonography']","['Sign_symptom', 'Diagnostic_procedure']"
1,"['sublingual', 'varices', 'hypertension']","['Detailed_description', 'Disease_disorder', 'Sign_symptom']"
2,"['affinity', 'column', 'mediated', 'immunoassay', 'microparticle', 'enzyme', 'immunoassay method', 'blood', 'tacrolimus']","['Diagnostic_procedure', 'Detailed_description', 'Detailed_description', 'Diagnostic_procedure', 'Therapeutic_procedure', 'Detailed_description', 'Therapeutic_procedure', 'Detailed_description', 'Diagnostic_procedure']"
3,['medication'],['Medication']
4,"['rodent', 'blood - brain barrier', 'paclitaxel', 'nd', 'yag', 'laser', 'induced', 'thermo therapy', 'adjuvant', 'glioma']","['Biological_structure', 'Biological_structure', 'Medication', 'Detailed_description', 'Detailed_description', 'Detailed_description', 'Detailed_description', 'Therapeutic_procedure', 'Detailed_description', 'Disease_disorder']"
5,"['spinal subdural', 'hematoma', 'ruptured', 'intracranial', 'aneurysm']","['Biological_structure', 'Disease_disorder', 'Disease_disorder', 'Biological_structure', 'Disease_disorder']"
6,"['androgens', 'sexual desire']","['Diagnostic_procedure', 'Sign_symptom']"
7,"['zeolite hemostatic', 'agent', 'blood loss']","['Medication', 'Coreference', 'Sign_symptom']"
8,"['cell patterns', 'astrocytomas', 'grade?']","['Diagnostic_procedure', 'Sign_symptom', 'Lab_value']"
9,"['cavitation', 'proximal surfaces', 'cone beam', 'computed tomography']","['Lab_value', 'Biological_structure', 'Diagnostic_procedure', 'Diagnostic_procedure']"
10,"['ultrasound', 'squamous cell carcinoma']","['Diagnostic_procedure', 'Disease_disorder']"
11,"['third', 'ultrasound', 'twin']","['Detailed_description', 'Diagnostic_procedure', 'Family_history']"
12,"['micro', 'computed tomography', 'microstructure', 'maxillary alveolar']","['Diagnostic_procedure', 'Diagnostic_procedure', 'Sign_symptom', 'Biological_structure']"
13,"['primary', 'angioplasty', 'thrombolysis']","['Detailed_description', 'Therapeutic_procedure', 'Therapeutic_procedure']"
14,"['endometrial polyp formation', 'increased', 'vascular endothelial growth factor', 'transforming growth factor - beta1']","['Disease_disorder', 'Lab_value', 'Diagnostic_procedure', 'Diagnostic_procedure']"
15,"['improvements', 'cancer', 'anglia', 'centralisation', 'multidisciplinary']","['Lab_value', 'Coreference', 'Detailed_description', 'Detailed_description', 'Detailed_description']"
16,"['fetal weight', 'ultrasound']","['Diagnostic_procedure', 'Diagnostic_procedure']"
17,[],[]
18,"['adjuvant aromatase inhibitors', 'cardiovascular risk', 'postmenopausal', 'women', 'early', 'breast']","['Medication', 'Diagnostic_procedure', 'Detailed_description', 'Sex', 'Detailed_description', 'Biological_structure']"
19,"['anaphylactic shock', 'percutaneous and laparoscopic techniques', 'liver', 'cyst']","['Disease_disorder', 'Detailed_description', 'Biological_structure', 'Sign_symptom']"
20,"['risk stratification', 'apache ii score']","['Diagnostic_procedure', 'Lab_value']"
21,"['flexible instruments', 'adequate', 'femoral tunnel lengths', '90a° of', 'knee', 'flexion', 'anterior cruciate ligament']","['Detailed_description', 'Lab_value', 'Diagnostic_procedure', 'Lab_value', 'Biological_structure', 'Lab_value', 'Biological_structure']"
22,"['lace plant leaves', 'cell', 'death']","['Biological_structure', 'Detailed_description', 'Coreference']"
23,"['occult', 'lesions', 'knee', 'magnetic resonance', 'arthroscopy']","['Detailed_description', 'Sign_symptom', 'Biological_structure', 'Diagnostic_procedure', 'Diagnostic_procedure']"
24,"['sensation', 'nasal tip', 'microfat grafting']","['Sign_symptom', 'Biological_structure', 'Coreference']"
25,"['u.', 's', 'states', 'higher / lower', 'injury']","['Nonbiological_location', 'Personal_background', 'Nonbiological_location', 'Lab_value', 'Disease_disorder']"
26,['hepatorenal syndrome'],['Disease_disorder']
27,['surge'],['Therapeutic_procedure']
28,"['eq - 5d', 'quality of life instrument', 'acute', 'coronary']","['Diagnostic_procedure', 'Diagnostic_procedure', 'Detailed_description', 'Biological_structure']"
29,"['portable', 'ultrasonography', 'accurate', 'extremity', 'austere environments']","['Detailed_description', 'Diagnostic_procedure', 'Lab_value', 'Biological_structure', 'Detailed_description']"
30,"['grandmultiparity', 'adverse']","['Detailed_description', 'Lab_value']"
31,"['depression', 'antidepressant']","['Disease_disorder', 'Medication']"
32,"['learning', 'postpartum', 'women']","['Diagnostic_procedure', 'Detailed_description', 'Subject']"
33,"['differential', 'dental health', 'british', 'forces']","['Lab_value', 'Diagnostic_procedure', 'Coreference', 'Coreference']"
34,"['rheumatoid arthritis', 'methotrexate', 'folic acid', '5 mg daily', 'folic acid supplements']","['Disease_disorder', 'Medication', 'Medication', 'Dosage', 'Medication']"
35,['medication'],['Medication']
36,"['transfer', 'rehabilitation unit', 'older', 'people', 'fracture']","['Clinical_event', 'Nonbiological_location', 'Age', 'Subject', 'Disease_disorder']"
37,"['african americans', 'acute', 'myocardial infarction']","['Personal_background', 'Detailed_description', 'Disease_disorder']"
38,"['ambulatory process', 'care', 'quality of life outcomes', 'chronic']","['Therapeutic_procedure', 'Therapeutic_procedure', 'Diagnostic_procedure', 'Detailed_description']"
39,"['2 -', 'methoxyestradiol', 'reduce', 'chemotherapeutices']","['Medication', 'Medication', 'Lab_value', 'Medication']"
40,"['dedicated', 'discharge coordinator', 'improve']","['Detailed_description', 'Therapeutic_procedure', 'Lab_value']"
41,"['mph', 'health system', 'low', 'middle', 'income']","['Coreference', 'Diagnostic_procedure', 'Detailed_description', 'Personal_background', 'Personal_background']"
42,"['pap', 'glandular cell']","['Diagnostic_procedure', 'Biological_structure']"
43,"['transcranial', 'direct current', 'unresponsive', 'wakefulness syndrome', 'minimally', 'conscious state']","['Biological_structure', 'Detailed_description', 'Detailed_description', 'Disease_disorder', 'Sign_symptom', 'Detailed_description']"
44,"['etoricoxib', 'primary', 'total', 'hip']","['Medication', 'Detailed_description', 'Detailed_description', 'Biological_structure']"
45,"['outcomes', 'phone', 'survey']","['Diagnostic_procedure', 'Detailed_description', 'Diagnostic_procedure']"
46,"['emergency physicians', 'acute', 'vertigo']","['Nonbiological_location', 'Detailed_description', 'Sign_symptom']"
47,"['fenofibrate', 'sleep']","['Medication', 'Disease_disorder']"
48,"['antibacterial - loaded hydrogel', 'bacterial colonization', 'biofilm formation']","['Detailed_description', 'Sign_symptom', 'Sign_symptom']"
49,"['anchor fixation', 'improve', 'percutaneous', 'bladder', 'neck', 'suspension', 'female', 'stress', 'urinary', 'incontinence']","['Coreference', 'Lab_value', 'Detailed_description', 'Biological_structure', 'Biological_structure', 'Therapeutic_procedure', 'Detailed_description', 'Detailed_description', 'Detailed_description', 'Sign_symptom']"
50,"['leptin', 'phagocytic', 'nadph oxidase']","['Coreference', 'Detailed_description', 'Diagnostic_procedure']"
51,"['head', 'neck', 'cancer', 'recurrence']","['Biological_structure', 'Biological_structure', 'Disease_disorder', 'Sign_symptom']"
52,['laboratory markers'],['Diagnostic_procedure']
53,"['traumatic', 'aortic injury', 'aortic', 'aortic']","['Detailed_description', 'Disease_disorder', 'Biological_structure', 'Biological_structure']"
54,"['idiopathic', 'misty', 'mesentery ona', 'multidetector', 'computed tomography', 'obesity']","['Detailed_description', 'Detailed_description', 'Biological_structure', 'Diagnostic_procedure', 'Diagnostic_procedure', 'Disease_disorder']"
55,['fast foods'],['Medication']
56,['prescribing'],['Diagnostic_procedure']
57,"['pulmonary', 'valve replacement', 'adults', 'late', 'after', 'operating']","['Biological_structure', 'Coreference', 'Age', 'Time', 'Date', 'Therapeutic_procedure']"
58,"['amoxapine', 'antipsychotic']","['Medication', 'Sign_symptom']"
59,"['older', 'self - management intervention', 'netherlands', 'older']","['Subject', 'Therapeutic_procedure', 'Nonbiological_location', 'Subject']"
60,"['horizontal', 'semicircular canal', 'ocular', 'reflex', 'influenced']","['Detailed_description', 'Biological_structure', 'Diagnostic_procedure', 'Diagnostic_procedure', 'Lab_value']"
61,"['preoperative', 'tracheobronchoscopy', 'newborns', 'esophageal', 'atresia']","['Detailed_description', 'Diagnostic_procedure', 'Biological_structure', 'Biological_structure', 'Sign_symptom']"
62,"['kidneys', 'elderly']","['Coreference', 'Detailed_description']"
63,"['muscle power', 'running speed', 'changes of direction']","['Diagnostic_procedure', 'Diagnostic_procedure', 'Lab_value']"
64,"['stretch - sensitive', 'kcnq1', 'mutation', 'atrial fibrillation']","['Detailed_description', 'Diagnostic_procedure', 'Coreference', 'Disease_disorder']"
65,"['pelvic', 'structures', 'danger', 'arthroscopic', 'labral']","['Biological_structure', 'Biological_structure', 'Lab_value', 'Detailed_description', 'Biological_structure']"
66,"['better', 'open', 'tme']","['Lab_value', 'Detailed_description', 'Coreference']"
67,"['quality', 'care']","['Diagnostic_procedure', 'Diagnostic_procedure']"
68,['breast'],['Biological_structure']
69,['performance measurement'],['Diagnostic_procedure']
70,"['osteoarthritis', 'pain']","['Disease_disorder', 'Sign_symptom']"
71,"['mossy fibers', 'gaba']","['Sign_symptom', 'Medication']"
72,"['severe', 'macrosomia', '11 - 14 weeks']","['Severity', 'Disease_disorder', 'Date']"
73,['tissue area'],['Diagnostic_procedure']
74,[],[]
75,"['cytokines', 'epilepsy']","['Diagnostic_procedure', 'Disease_disorder']"
76,"['breast', 'pathology assessment', 'ductal carcinoma']","['Biological_structure', 'Diagnostic_procedure', 'Disease_disorder']"
77,"['treadmill testing', 'spina bifida', 'oxygen']","['Diagnostic_procedure', 'History', 'Diagnostic_procedure']"
78,"['steal', 'blood pressure difference', 'arms', 'steal']","['Disease_disorder', 'Diagnostic_procedure', 'Biological_structure', 'Coreference']"
79,"['size', 'reducing', 'ascending aortoplasty', 'external reinforcement', 'aortic']","['Detailed_description', 'Detailed_description', 'Detailed_description', 'Detailed_description', 'Biological_structure']"
80,"['digoxin', 'cardiovascular disease', 'prostate']","['Medication', 'Disease_disorder', 'Disease_disorder']"
81,"['screening', 'gestational diabetes mellitus', 'international association of the diabetes', 'and', 'pregnancy study groups']","['Diagnostic_procedure', 'Disease_disorder', 'Detailed_description', 'Coreference', 'Detailed_description']"
82,"['4 diagram manual', 'laypersons', 'laryngeal', 'mask', 'supremea®?']","['Detailed_description', 'Subject', 'Biological_structure', 'Therapeutic_procedure', 'Detailed_description']"
83,"['laparoscopic', 'antireflux', 'surgery']","['Detailed_description', 'Detailed_description', 'Therapeutic_procedure']"
84,"['omega - 3 index', 'coronary']","['Diagnostic_procedure', 'Biological_structure']"
85,"['cytokine', 'pancreatic juice', 'pancreatic diseases']","['Diagnostic_procedure', 'Biological_structure', 'Disease_disorder']"
86,"['nasopharyngeal', 'carcinoma', 'lung', 'metastasis', 'combined modality']","['Biological_structure', 'Disease_disorder', 'Biological_structure', 'Sign_symptom', 'Detailed_description']"
87,"['minimally invasive', 'mitral', 'valve repair', 'artificial chords', 'routine']","['Detailed_description', 'Biological_structure', 'Disease_disorder', 'Detailed_description', 'Detailed_description']"
88,"['hospice care', 'nursing homes', 'improve', 'pain']","['Therapeutic_procedure', 'Nonbiological_location', 'Lab_value', 'Sign_symptom']"
89,"['intensive', 'chemotherapy', 'safe']","['Detailed_description', 'Medication', 'Lab_value']"
90,"['biomarkers assessment', 'tubular', 'lesions', 'kidney']","['Diagnostic_procedure', 'Biological_structure', 'Sign_symptom', 'Biological_structure']"
91,"['open access', 'endoscopy']","['Detailed_description', 'Diagnostic_procedure']"
92,"['viral infections', 'benign', 'paroxysmal', 'positional', 'vertigo']","['Disease_disorder', 'Severity', 'Biological_structure', 'Sign_symptom', 'Sign_symptom']"
93,['spasticity'],['Sign_symptom']
94,"['retromandibular', 'transparotid approach', 'condylar', 'fractures']","['Biological_structure', 'Therapeutic_procedure', 'Biological_structure', 'Disease_disorder']"
95,"['ventricular', 'arrhythmias', 'athletes', 'subside']","['Biological_structure', 'Disease_disorder', 'Detailed_description', 'Detailed_description']"
96,"['complex', 'coronary', 'lesions', 'diabetes mellitus']","['Detailed_description', 'Biological_structure', 'Sign_symptom', 'Disease_disorder']"
97,"['dogs', 'prime', 'autistic children']","['Subject', 'Detailed_description', 'Subject']"
98,"['quality of life', 'lung']","['Diagnostic_procedure', 'Biological_structure']"
99,"['retroperitoneoscopic', 'nephrectomy']","['Detailed_description', 'Therapeutic_procedure']"
100,"['remission', 'major depressive episode', 'relapses', '4', 'follow']","['Sign_symptom', 'Disease_disorder', 'Sign_symptom', 'Date', 'Clinical_event']"
101,"['epidural analgesia', 'analgesia', 'all']","['Therapeutic_procedure', 'Therapeutic_procedure', 'Detailed_description']"
102,"['longer', 'quality of life', 'stroke', 'barthel index']","['Detailed_description', 'Diagnostic_procedure', 'Disease_disorder', 'Diagnostic_procedure']"
103,"['laparoscopy', 'acute', 'cholecystitis']","['Diagnostic_procedure', 'Detailed_description', 'Disease_disorder']"
104,"['older', 'adults', 'cancer']","['Age', 'Sex', 'Disease_disorder']"
105,"['two', 'follow', 'up', 'allergic', 'contact dermatitis']","['Date', 'Clinical_event', 'Clinical_event', 'History', 'Disease_disorder']"
106,"['favorable', 'prostate cancer', 'oligometastases']","['Lab_value', 'Disease_disorder', 'Medication']"
107,"['radiotherapy', 'time of pregnancy', ""hodgkin ' s disease"", 'breast']","['Therapeutic_procedure', 'Date', 'Disease_disorder', 'Biological_structure']"
108,"['atrial appendage', 'laa', 'device', 'alter', 'echocardiography and', 'electrocardiogram parameters', 'atrial fibrillation']","['Biological_structure', 'Disease_disorder', 'Coreference', 'Lab_value', 'Diagnostic_procedure', 'Diagnostic_procedure', 'Disease_disorder']"
109,"['esophageal', 'varices', 'compensated', 'hepatic cirrhosis', 'duplex', 'doppler', 'ultrasonography']","['Biological_structure', 'Sign_symptom', 'Detailed_description', 'Disease_disorder', 'Detailed_description', 'Detailed_description', 'Diagnostic_procedure']"
110,"['inhaled', 'steroids', 'differ', 'cromones', 'asthma']","['Medication', 'Medication', 'Lab_value', 'Medication', 'Disease_disorder']"
111,"['airway surgery', 'lower', 'serum lipid', 'sleep']","['Therapeutic_procedure', 'Lab_value', 'Diagnostic_procedure', 'Sign_symptom']"
112,"['hospital', 'preparedness', 'terrorism', 'multiple', 'injury']","['Nonbiological_location', 'Clinical_event', 'Detailed_description', 'Detailed_description', 'Sign_symptom']"
113,"['dementia', '2']","['Disease_disorder', 'Date']"
114,"['pelvic', 'pain', 'defecatory symptoms', 'pelvic', 'organ']","['Biological_structure', 'Sign_symptom', 'Sign_symptom', 'Biological_structure', 'Coreference']"
115,"['scl', '90 - r', 'obsessive - compulsive dimension', 'cognitive impairments']","['Biological_structure', 'Detailed_description', 'Sign_symptom', 'Disease_disorder']"
116,"['non', 'hdl - cholesterol', 'better', 'acute', 'myocardial infarction', 'ldl', 'cholesterol']","['Diagnostic_procedure', 'Diagnostic_procedure', 'Lab_value', 'Detailed_description', 'Disease_disorder', 'Diagnostic_procedure', 'Diagnostic_procedure']"
117,"['body diffusion - weighted', 'mr', 'uterine endometrial', 'cancer', 'nonenhanced', 'mr']","['Detailed_description', 'Diagnostic_procedure', 'Biological_structure', 'Sign_symptom', 'Detailed_description', 'Diagnostic_procedure']"
118,"['pediatric housestaff', 'influence tests', 'neonatal intensive care unit']","['Subject', 'Diagnostic_procedure', 'Nonbiological_location']"
119,"['biomolecular identification', 'allergenic pollen', 'aerobiological monitoring']","['Diagnostic_procedure', 'Detailed_description', 'Diagnostic_procedure']"
120,"['7th', 'tnm', 'gastric']","['Lab_value', 'Diagnostic_procedure', 'Biological_structure']"
121,"['lower', 'fasting', 'plasma glucose', 'type 2 diabetes', 'improved']","['Lab_value', 'Diagnostic_procedure', 'Diagnostic_procedure', 'Disease_disorder', 'Lab_value']"
122,"['remote', 'ischemic', 'ischemic', 'percutaneous', 'coronary', 'revascularization']","['Detailed_description', 'Detailed_description', 'Sign_symptom', 'Biological_structure', 'Biological_structure', 'Therapeutic_procedure']"
123,"['multi', 'modal', 'cervical', 'physical therapy', 'improve', 'tinnitus', 'cervicogenic', 'somatic', 'tinnitus']","['Detailed_description', 'Detailed_description', 'Detailed_description', 'Therapeutic_procedure', 'Lab_value', 'Disease_disorder', 'Biological_structure', 'Coreference', 'Disease_disorder']"
124,['information sheets'],['Diagnostic_procedure']
125,"['ophthalmologist diplomates', 'improved']","['Subject', 'Lab_value']"
126,['better'],['Lab_value']
127,"['adult', 'body circumferences', 'height']","['Sign_symptom', 'Diagnostic_procedure', 'Sign_symptom']"
128,"['valvar', 'aortic stenosis']","['Biological_structure', 'Disease_disorder']"
129,"['national institutes of health', 'stroke scale', 'left hemisphere', 'strokes']","['Diagnostic_procedure', 'Diagnostic_procedure', 'Biological_structure', 'Sign_symptom']"
130,"['miralax', 'difference', 'adenoma detection rate']","['Detailed_description', 'Lab_value', 'Diagnostic_procedure']"
131,"['gingival crevicular', 'blood', 'blood glucose']","['Disease_disorder', 'Biological_structure', 'Diagnostic_procedure']"
132,"['zero', 'bloodstream', 'infection']","['Lab_value', 'Biological_structure', 'Sign_symptom']"
133,"['treatment', 'radiotherapy']","['Therapeutic_procedure', 'Therapeutic_procedure']"
134,"['therapy', 'breathlessness', 'palliative', 'care', 'opioid']","['Therapeutic_procedure', 'Sign_symptom', 'Detailed_description', 'Therapeutic_procedure', 'Disease_disorder']"
135,['pain'],['Sign_symptom']
136,"['displaced', 'midshaft', 'fractures']","['Detailed_description', 'Biological_structure', 'Disease_disorder']"
137,"['telemedicine', 'type 1 diabetes', 'technology']","['Diagnostic_procedure', 'History', 'Diagnostic_procedure']"
138,"['european', 'people', 'type 1 diabetes', 'consume', 'high atherogenic diet']","['Personal_background', 'Sex', 'History', 'Activity', 'Detailed_description']"
139,"['platelet count', 'esophageal', 'squamous cell carcinoma']","['Diagnostic_procedure', 'Biological_structure', 'Disease_disorder']"
140,"['serum', 'pancreatic lipase', 'serum', 'amylase', 'acute', 'pancreatitis']","['Detailed_description', 'Diagnostic_procedure', 'Detailed_description', 'Diagnostic_procedure', 'Detailed_description', 'Disease_disorder']"
141,"['electrochemiluminescence assays', 'type 1 diabetes', 'autoantibody', 'positive']","['Diagnostic_procedure', 'Disease_disorder', 'Detailed_description', 'Detailed_description']"
142,"['syntax', 'predict', 'in', 'hospital', 'outcomes', 'st elevation', 'myocardial infarction', 'primary', 'percutaneous coronary', 'intervention']","['Coreference', 'Lab_value', 'Detailed_description', 'Detailed_description', 'Lab_value', 'Detailed_description', 'Disease_disorder', 'Detailed_description', 'Detailed_description', 'Therapeutic_procedure']"
143,"['optimal', 'blood pressure', 'hypertensive status', 'black']","['Detailed_description', 'Diagnostic_procedure', 'Sign_symptom', 'Personal_background']"
144,"['tibial component', 'mechanical alignment', 'knee']","['Coreference', 'Diagnostic_procedure', 'Biological_structure']"
145,"['supplemental security', 'income', 'disability']","['History', 'Detailed_description', 'Disease_disorder']"
146,"['serum', 'egfr mutation', 'advanced', 'non', 'small cell', 'lung']","['Biological_structure', 'Diagnostic_procedure', 'Severity', 'Detailed_description', 'Detailed_description', 'Biological_structure']"
147,"['anterior cruciate ligament reconstruction', 'steep', 'posterior tibial']","['Biological_structure', 'Sign_symptom', 'Biological_structure']"
148,"['teleoncology', 'chemotherapy', 'rural']","['Diagnostic_procedure', 'Medication', 'Detailed_description']"
149,"['solitary', 'kidney', 'ischemia']","['Detailed_description', 'Biological_structure', 'Disease_disorder']"
150,"['rectal', 'anastomosis', 'gynaecological', 'debulking surgery', 'diverting stoma']","['Biological_structure', 'Therapeutic_procedure', 'Biological_structure', 'Therapeutic_procedure', 'Sign_symptom']"
151,"['mammography', 'mammography']","['Diagnostic_procedure', 'Diagnostic_procedure']"
152,['breast cancer'],['Disease_disorder']
153,"['c', 'kit', 'melanoma']","['Diagnostic_procedure', 'Diagnostic_procedure', 'Disease_disorder']"
154,"['apoplexy', 'histological features']","['Disease_disorder', 'Sign_symptom']"
155,"['orthostatic myoclonus', 'unsteadiness']","['Disease_disorder', 'Sign_symptom']"
156,"['low', 'serum chloride']","['Lab_value', 'Diagnostic_procedure']"
157,"['ethnicity', 'cancer']","['Personal_background', 'Disease_disorder']"
158,"['transesophageal', 'echocardiographic assessment', 'left', 'ventricular', 'function', 'hearts', 'transplantation']","['Diagnostic_procedure', 'Diagnostic_procedure', 'Diagnostic_procedure', 'Biological_structure', 'Diagnostic_procedure', 'Biological_structure', 'Therapeutic_procedure']"
159,['pain'],['Sign_symptom']
160,"['age', 'moderate', 'personality disorder', 'coping style', 'psychiatric']","['Age', 'Severity', 'Disease_disorder', 'Sign_symptom', 'Detailed_description']"
161,"['neck', 'pain', 'worse', 'health', 'quality of life', '6 months later']","['Biological_structure', 'Sign_symptom', 'Lab_value', 'Detailed_description', 'Diagnostic_procedure', 'Date']"
162,"['end', 'tidal', 'carbon dioxide measurement', 'arterial carbon dioxide', 'low', 'birth weight', 'infants', 'first week of life']","['Detailed_description', 'Detailed_description', 'Diagnostic_procedure', 'Diagnostic_procedure', 'Lab_value', 'Subject', 'Subject', 'Date']"
163,['residency'],['Diagnostic_procedure']
164,"['ca72 - 4', 'ovarian endometrioma']","['Diagnostic_procedure', 'Disease_disorder']"
165,['breast'],['Biological_structure']
166,"['bare - metal', 'stent', 'percutaneous', 'coronary']","['Detailed_description', 'Therapeutic_procedure', 'Detailed_description', 'Therapeutic_procedure']"
167,"['marital', 'living arrangement', 'association']","['History', 'History', 'Coreference']"
168,"['ibuprofen', 'increase', 'perioperative', 'blood loss', 'hip']","['Medication', 'Lab_value', 'Detailed_description', 'Sign_symptom', 'Biological_structure']"
169,"['magnetic resonance imaging', 'pain', 'disc']","['Diagnostic_procedure', 'Sign_symptom', 'Therapeutic_procedure']"
170,"['case', 'mix']","['Detailed_description', 'Detailed_description']"
171,"['cerebromediastinal tuberculosis', '- miller syndrome']","['Disease_disorder', 'Disease_disorder']"
172,"['ige against', 'isac 112']","['Diagnostic_procedure', 'Diagnostic_procedure']"
173,"['schizophrenia', 'high intelligence', 'schizophrenia']","['Disease_disorder', 'Sign_symptom', 'Disease_disorder']"
174,"['halofantrine', 'ototoxic']","['Medication', 'Sign_symptom']"
175,"['racial disparities', 'breast']","['Sign_symptom', 'Biological_structure']"
176,"['fractional', 'lasers', 'enhance', 'transdermal absorption', 'topical', 'lidocaine', 'in vivo', 'model']","['Detailed_description', 'Diagnostic_procedure', 'Lab_value', 'Diagnostic_procedure', 'Administration', 'Medication', 'Detailed_description', 'Detailed_description']"
177,"['laparoscopic', 'surgery', 'decrease', 'atrial fibrillation', 'foregut']","['Therapeutic_procedure', 'Coreference', 'Lab_value', 'Disease_disorder', 'Biological_structure']"
178,"['breast cancer', 'improving']","['Biological_structure', 'Lab_value']"
179,"['partial', 'expander deflation', 'radiotherapy', 'two', 'breast']","['Detailed_description', 'Therapeutic_procedure', 'Therapeutic_procedure', 'Detailed_description', 'Biological_structure']"
180,"['preterm', 'birth', 'pregnancy']","['Clinical_event', 'Clinical_event', 'Clinical_event']"
181,"['cold preparation', 'young children']","['Therapeutic_procedure', 'Subject']"
182,"['occupational nuclear power plant', 'radiation', 'conception']","['Activity', 'Activity', 'History']"
183,"['shape analysis', 'free', 'floating', 'internal carotid artery', 'thrombus', 'atherosclerotic', 'plaque', 'cta', 'stroke', 'transient', 'ischemic']","['Diagnostic_procedure', 'Detailed_description', 'Detailed_description', 'Biological_structure', 'Disease_disorder', 'Detailed_description', 'Sign_symptom', 'Diagnostic_procedure', 'Disease_disorder', 'Detailed_description', 'Sign_symptom']"
184,['cigarette packages'],['Activity']
185,"['surgical treatment', 'prosthetic valve', 'endocarditis', 'double prostheses', 'single - valve', 'replacement']","['Therapeutic_procedure', 'Biological_structure', 'Disease_disorder', 'Detailed_description', 'Detailed_description', 'Therapeutic_procedure']"
186,"['nomograms', 'biochemical recurrence', 'bcr', 'prostate', 'cancer', 'bcr']","['Diagnostic_procedure', 'Sign_symptom', 'Disease_disorder', 'Disease_disorder', 'Diagnostic_procedure', 'Disease_disorder']"
187,"['better', 'acute', 'infarction']","['Lab_value', 'Detailed_description', 'Disease_disorder']"
188,"['differences', 'mortality']","['Sign_symptom', 'Diagnostic_procedure']"
189,"['convulsions', 'retinal', 'haemorrhage']","['Sign_symptom', 'Biological_structure', 'Sign_symptom']"
190,"['cyanoacrylate', 'intestinal', 'anastomosis']","['Medication', 'Biological_structure', 'Therapeutic_procedure']"
191,"['increased', 'carotid artery', 'pulsatility', 'resistance indexes', 'vascular abnormalities', 'young', 'obese', 'males']","['Lab_value', 'Biological_structure', 'Diagnostic_procedure', 'Diagnostic_procedure', 'Sign_symptom', 'Detailed_description', 'Disease_disorder', 'Sex']"
192,"['topical', 'ropivacaine', 'tonsillectomy']","['Administration', 'Medication', 'Therapeutic_procedure']"
193,"['robotically assisted', 'laparoscopic', 'radical', 'prostatectomy', 'retropubic', 'radical', 'prostatectomy']","['Detailed_description', 'Detailed_description', 'Detailed_description', 'Therapeutic_procedure', 'Detailed_description', 'Detailed_description', 'Therapeutic_procedure']"
194,"['specialty care', 'improved', 'survival', 'congestive', 'heart failure']","['Therapeutic_procedure', 'Lab_value', 'Diagnostic_procedure', 'Detailed_description', 'Disease_disorder']"
195,"['histologic evaluation', 'testicular remnant', 'vanishing testes', 'surgical management']","['Diagnostic_procedure', 'Biological_structure', 'Disease_disorder', 'Therapeutic_procedure']"
196,"['oxybutynin hydrochloride', 'arrhythmia', 'bladder']","['Medication', 'Disease_disorder', 'Biological_structure']"
197,"['manic', 'mixed episode', 'bipolar disorder', 'run true', 'time']","['Detailed_description', 'Detailed_description', 'Disease_disorder', 'Detailed_description', 'Detailed_description']"
198,"['albumin', 'creatinine', 'acr', 'preeclampsia']","['Diagnostic_procedure', 'Diagnostic_procedure', 'Diagnostic_procedure', 'Disease_disorder']"
199,['concussion'],['Disease_disorder']
200,"['communication', 'terminally', 'ill']","['Activity', 'Subject', 'Family_history']"
201,"['primary', 'vasculitis']","['Detailed_description', 'Coreference']"
202,"['constipated', 'ultrasound']","['Coreference', 'Therapeutic_procedure']"
203,"['tobacco', 'industry', 'smoking', 'movies', 'to smoke']","['History', 'Occupation', 'Activity', 'Activity', 'History']"
204,"['general', 'reduce']","['Detailed_description', 'Lab_value']"
205,"['insulin resistance', 'hyperglycemia']","['Medication', 'Disease_disorder']"
206,"['high risk', 'uhr', 'different', 'psychosis']","['Lab_value', 'Diagnostic_procedure', 'Lab_value', 'Coreference']"
207,"['dickkopf - 3', 'gastric', 'lymph node', 'metastasis']","['Diagnostic_procedure', 'Biological_structure', 'Biological_structure', 'Sign_symptom']"
208,"['ct', 'csf', 'block', 'hydrocephalus']","['Diagnostic_procedure', 'Biological_structure', 'Sign_symptom', 'Coreference']"
209,"['oral', 'endotracheal', 'intubation', 'impaired', 'helicopter']","['Administration', 'Detailed_description', 'Therapeutic_procedure', 'Lab_value', 'Detailed_description']"
210,"['sternal', 'plating', 'sternal', 'improve', 'sternal']","['Biological_structure', 'Detailed_description', 'Biological_structure', 'Lab_value', 'Biological_structure']"
211,"['second - look', 'tympanoplasty', 'modified radical', 'mastoidectomy']","['Detailed_description', 'Therapeutic_procedure', 'Detailed_description', 'Therapeutic_procedure']"
212,"['t - cell deficiency', 'spatial learning ability', 'toluene']","['Disease_disorder', 'Diagnostic_procedure', 'Medication']"
213,"['home', 'older', 'imbalanced']","['Nonbiological_location', 'Age', 'Sign_symptom']"
214,"['increased', 'neutrophil', 'migratory activity', 'acute respiratory distress syndrome']","['Lab_value', 'Diagnostic_procedure', 'Sign_symptom', 'Disease_disorder']"
215,"['family', 'community - based', 'services', 'improvements', 'survival']","['Detailed_description', 'Detailed_description', 'Therapeutic_procedure', 'Lab_value', 'Diagnostic_procedure']"
216,"['vertical', 'lines', 'distal esophageal mucosa', 'vlem', 'esophagitis', 'children']","['Detailed_description', 'Sign_symptom', 'Biological_structure', 'Biological_structure', 'Sign_symptom', 'Subject']"
217,"['hiv1 / 2', 'point of care test', 'sputum', 'tb', 'hiv', 'infection', 'central india']","['Lab_value', 'Diagnostic_procedure', 'Biological_structure', 'Disease_disorder', 'Disease_disorder', 'Disease_disorder', 'Detailed_description']"
218,"['over', 'the', 'counter', 'syringe']","['Detailed_description', 'Detailed_description', 'Detailed_description', 'History']"
219,['colorectal cancer'],['Disease_disorder']
220,"['evidence', 'improve']","['Diagnostic_procedure', 'Lab_value']"
221,"['polymyalgia', 'rheumatica']","['Disease_disorder', 'Disease_disorder']"
222,"['benign', 'prostate', 'biopsy', 'radical', 'perineal', 'prostatectomy']","['Detailed_description', 'Biological_structure', 'Diagnostic_procedure', 'Detailed_description', 'Detailed_description', 'Therapeutic_procedure']"
223,[],[]
224,['hiv'],['Disease_disorder']
225,"['head', 'positioning', 'influence', 'anterior chamber', 'depth', 'pseudoexfoliation']","['Biological_structure', 'Diagnostic_procedure', 'Lab_value', 'Biological_structure', 'Diagnostic_procedure', 'Disease_disorder']"
226,"['intraoperative', 'major', 'adverse']","['Detailed_description', 'Detailed_description', 'Sign_symptom']"
227,"['transient', 'tachypnea', 'newborn', 'ttn', 'polymorphisms', 'beta - adrenergic receptor', 'adrb']","['Detailed_description', 'Sign_symptom', 'Subject', 'Disease_disorder', 'Sign_symptom', 'Diagnostic_procedure', 'Diagnostic_procedure']"
228,"['adma', 'young', 'adults', 'preterm', 'early endothelial dysfunction']","['Diagnostic_procedure', 'Age', 'Subject', 'Subject', 'Disease_disorder']"
229,"['total', 'hip', 'sheet', 'improve', 'recall']","['Detailed_description', 'Biological_structure', 'Diagnostic_procedure', 'Lab_value', 'Diagnostic_procedure']"
230,"['quaternary', 'cytoreductive surgery']","['Detailed_description', 'Therapeutic_procedure']"
231,"['surgical approach', 'temporomandibular', 'joint']","['Therapeutic_procedure', 'Biological_structure', 'Biological_structure']"
232,"['hepatic arterial', 'unresectable', 'hepatocellular carcinomas']","['Biological_structure', 'Detailed_description', 'Disease_disorder']"
233,['plate clearing'],['Sign_symptom']
234,"['severely injured', 'adult', 'trauma', 'trauma']","['Detailed_description', 'Detailed_description', 'Disease_disorder', 'Nonbiological_location']"
235,"['- lowering peroxisome proliferator - activated receptors', 'bezafibrate', 'colon cancer', 'coronary artery disease']","['Detailed_description', 'Medication', 'Disease_disorder', 'Disease_disorder']"
236,"['serum angiotensin - converting enzyme', 'frequency', 'severe', 'hypoglycaemia', 'type 1', 'diabetes', 'relationship']","['Diagnostic_procedure', 'Severity', 'Severity', 'Sign_symptom', 'Detailed_description', 'Disease_disorder', 'Coreference']"
237,"['hypotension', 'coronary', 'profound', 'hypotensive events', 'myocardial', 'ischaemic events']","['Sign_symptom', 'Disease_disorder', 'Severity', 'Sign_symptom', 'Biological_structure', 'Sign_symptom']"
238,"['hospital mortality rates', '30 - day']","['Diagnostic_procedure', 'Duration']"
239,"['transurethral', 'resection', 'prostate']","['Detailed_description', 'Therapeutic_procedure', 'Biological_structure']"
240,"['syncope', 'bathing', 'pediatric', 'water - induced', 'urticaria']","['Sign_symptom', 'Activity', 'Detailed_description', 'Detailed_description', 'Disease_disorder']"
241,"['women', 'delay childbearing', 'career threats']","['Sex', 'History', 'History']"
242,"['stability', 'miniscrews']","['Diagnostic_procedure', 'Diagnostic_procedure']"
243,"['acute respiratory distress syndrome', 'malignancy']","['Disease_disorder', 'Disease_disorder']"
244,"['neoadjuvant', 'imatinib', 'locally advanced', 'gastrointestinal', 'mutation']","['Detailed_description', 'Medication', 'Detailed_description', 'Biological_structure', 'Diagnostic_procedure']"
245,"['obesity', 'wheezing']","['Disease_disorder', 'Sign_symptom']"
246,['esc'],['Disease_disorder']
247,"['oncology', 'consultation', 'modify']","['Therapeutic_procedure', 'Clinical_event', 'Lab_value']"
248,"['preclerkship', 'clinical performance examinations', 'senior', 'examination']","['Detailed_description', 'Diagnostic_procedure', 'Detailed_description', 'Diagnostic_procedure']"
249,"['mild', 'intellectual disabilities', 'reading comprehension']","['Severity', 'Family_history', 'Diagnostic_procedure']"
250,"['nurse', 'led', 'preoperative education', 'anxiety', 'complications']","['Detailed_description', 'Detailed_description', 'Therapeutic_procedure', 'Sign_symptom', 'Sign_symptom']"
251,"['homocysteine', 'vitiligo']","['Diagnostic_procedure', 'Diagnostic_procedure']"
252,"['cervical', 'block', 'abortion', 'gemeprost', '2nd']","['Coreference', 'Medication', 'Therapeutic_procedure', 'Medication', 'Date']"
253,"['9', 'month', 'treatment', 'enterocolitis']","['Duration', 'Duration', 'Therapeutic_procedure', 'Disease_disorder']"
254,"['cell', 'discordance']","['Diagnostic_procedure', 'Sign_symptom']"
255,"['inverse equity', 'middle', 'income']","['Detailed_description', 'Detailed_description', 'Detailed_description']"
256,"['menopausal hormone', 'therapy', 'irregular', 'endometrial']","['Medication', 'Therapeutic_procedure', 'Detailed_description', 'Biological_structure']"
257,['colonoscopy'],['Diagnostic_procedure']
258,"['open access', 'publishing', 'increase']","['Detailed_description', 'Activity', 'Lab_value']"
259,"['biofeedback', 'psychophysiological responses', 'enhance']","['Diagnostic_procedure', 'Diagnostic_procedure', 'Lab_value']"
260,"['willing', 'community', 'based', 'medical education', 'regional', 'rural']","['Lab_value', 'Detailed_description', 'Detailed_description', 'Therapeutic_procedure', 'Detailed_description', 'Detailed_description']"
261,"['pectins', 'cold', 'winter', 'oil', 'seed']","['Coreference', 'Sign_symptom', 'Detailed_description', 'Detailed_description', 'Detailed_description']"
262,['response'],['Sign_symptom']
263,"['optimism', 'optimistic', 'outlook', 'survival', 'advanced']","['Diagnostic_procedure', 'Lab_value', 'Diagnostic_procedure', 'Diagnostic_procedure', 'Detailed_description']"
264,"['combined therapy', 'growth hormone', 'hyperbaric oxygen', 'left', 'non', 'ischemic', 'colonic']","['Medication', 'Medication', 'Medication', 'Detailed_description', 'Detailed_description', 'Detailed_description', 'Detailed_description']"
265,[],[]
266,"['500', 'prefilled textured saline', 'breast', 'implants', '500', 'standard textured saline', 'breast', 'difference', 'deflation rates']","['Lab_value', 'Detailed_description', 'Biological_structure', 'Coreference', 'Lab_value', 'Detailed_description', 'Biological_structure', 'Lab_value', 'Diagnostic_procedure']"
267,"['withdrawal', 'anxiety', 'alcoholism', 'beta', 'endorphin']","['Detailed_description', 'Sign_symptom', 'History', 'Diagnostic_procedure', 'Diagnostic_procedure']"
268,['cardiac'],['Biological_structure']
269,"['single', 'mitoxantrone', 'high', 'risk', 'metastatic', 'breast', 'chemotherapy']","['Detailed_description', 'Medication', 'Severity', 'Detailed_description', 'Detailed_description', 'Biological_structure', 'Medication']"
270,"['clinical supervision', 'sustain']","['Therapeutic_procedure', 'Lab_value']"
271,"['distal ureteral diameter', 'reflux resolution']","['Diagnostic_procedure', 'Diagnostic_procedure']"
272,"['lumbar', 'cerebrospinal fluid', 'fistula', 'spine', 'surgery']","['Biological_structure', 'Biological_structure', 'Sign_symptom', 'Biological_structure', 'Therapeutic_procedure']"
273,"['joint line positions', 'contralateral knee', 'knee']","['Diagnostic_procedure', 'Biological_structure', 'Biological_structure']"
274,"['myometrial electrical activity', 'preterm']","['Diagnostic_procedure', 'Activity']"
275,"['transmissible liability index', '(', 'tli', 'late', 'childhood', 'suicidal symptoms', 'young']","['Diagnostic_procedure', 'Diagnostic_procedure', 'Diagnostic_procedure', 'Date', 'Detailed_description', 'Sign_symptom', 'Date']"
276,"['strategy training', 'age - related deficits']","['Diagnostic_procedure', 'Sign_symptom']"
277,"['acute', 'stroke', 'rt', 'pa']","['Detailed_description', 'Disease_disorder', 'Medication', 'Medication']"
278,"['adopter', 'drugs']","['Family_history', 'Medication']"
279,"['high', 'risk', 'human papillomaviruses', 'hpvs', 'breast']","['Severity', 'Detailed_description', 'Disease_disorder', 'Disease_disorder', 'Biological_structure']"
280,"['nasogastric', 'decompression', 'leaks', 'laparoscopic sleeve', 'gastrectomy']","['Biological_structure', 'Detailed_description', 'Sign_symptom', 'Detailed_description', 'Therapeutic_procedure']"
281,"['regional', 'anesthesia', 'general anesthesia', 'hip', 'fracture']","['Detailed_description', 'Medication', 'Medication', 'Biological_structure', 'Disease_disorder']"
282,"['barium', 'enemas']","['Diagnostic_procedure', 'Coreference']"
283,"['july', 'effect', 'cancer']","['Detailed_description', 'Sign_symptom', 'Biological_structure']"
284,"['gender dimorphism', 'hemorrhagic shock', 'differences']","['Sign_symptom', 'Disease_disorder', 'Sign_symptom']"
285,"['cardiogenic shock', 'acute', 'myocardial infarction', 'elderly', 'tertiary center', 'improve']","['Disease_disorder', 'Detailed_description', 'Disease_disorder', 'Detailed_description', 'Nonbiological_location', 'Lab_value']"
286,"['low', 'grade', 'cerebellar']","['Detailed_description', 'Detailed_description', 'Biological_structure']"
287,"['department of transportation', 'motor vehicle collisions', 'driving convictions', 'stroke', 'do', 'agree?']","['Nonbiological_location', 'History', 'History', 'Disease_disorder', 'Detailed_description', 'Detailed_description']"
288,['cholesterol screening'],['Diagnostic_procedure']
289,"['boycott', 'kenya', '2015']","['Activity', 'Date', 'Date']"
290,"['discharge', 'nurse', 'visits', 'adequacy']","['Clinical_event', 'Clinical_event', 'Clinical_event', 'Sign_symptom']"
291,"['alexithymia', 'physical symptoms', 'general']","['Disease_disorder', 'Sign_symptom', 'Detailed_description']"
292,['sports'],['Diagnostic_procedure']
293,"['left ventricular', 'motion', 'change', 'fibrous', 'tissue', 'resection', 'endomyocardial', 'fibrosis']","['Biological_structure', 'Sign_symptom', 'Lab_value', 'Disease_disorder', 'Detailed_description', 'Therapeutic_procedure', 'Biological_structure', 'Disease_disorder']"
294,"['gestational', 'age', 'difference', 'birthweights', 'australian aborigines', 'whites']","['Family_history', 'Diagnostic_procedure', 'Lab_value', 'Diagnostic_procedure', 'Personal_background', 'Personal_background']"
295,"['unenhanced fat', 't1', 'mri', 'sickle cell disease', 'bone infarcts', 'acute', 'osteomyelitis']","['Detailed_description', 'Detailed_description', 'Diagnostic_procedure', 'Disease_disorder', 'Disease_disorder', 'Detailed_description', 'Disease_disorder']"
296,"['african american', 'women', 'fewer calories']","['Personal_background', 'Sex', 'Lab_value']"
297,"['audit', 'maternal', 'difference between', 'rich', 'poor']","['Diagnostic_procedure', 'Disease_disorder', 'Detailed_description', 'Detailed_description', 'Detailed_description']"
298,"['wandering', 'physically', 'nonaggressive', 'agitation']","['Detailed_description', 'Detailed_description', 'Detailed_description', 'Sign_symptom']"
299,"['resection', 'pancreatectomy']","['Therapeutic_procedure', 'Therapeutic_procedure']"
300,"['continuous', 'intravenous infusion', 'low', '- concentration', 'epinephrine', 'uterine', 'blood flow', 'pregnant', 'ewes']","['Administration', 'Administration', 'Lab_value', 'Dosage', 'Medication', 'Biological_structure', 'Diagnostic_procedure', 'Subject', 'Subject']"
301,['healthier lifestyles'],['History']
302,"['suicidal behavior', 'affective disorder']","['Disease_disorder', 'Disease_disorder']"
303,"['thrombosis', 'prophylaxis', 'prophylaxis']","['Disease_disorder', 'Therapeutic_procedure', 'Therapeutic_procedure']"
304,"['late', 'night', 'cortisol', 'cortisol', 'obese', 'type 2 diabetes']","['Detailed_description', 'Time', 'Diagnostic_procedure', 'Diagnostic_procedure', 'Disease_disorder', 'Disease_disorder']"
305,"['dose', 'beta', 'radiation', 'posterior choroidal', 'melanomas', '106ru', 'plaques']","['Coreference', 'Detailed_description', 'Therapeutic_procedure', 'Biological_structure', 'Disease_disorder', 'Lab_value', 'Detailed_description']"
306,"['estradiol', 'antagonist', 'pretreatment', 'microdose', 'leuprolide', 'in vitro', 'improve', 'ivf', 'poor', 'oral', 'contraceptive']","['Medication', 'Medication', 'Clinical_event', 'Medication', 'Medication', 'Detailed_description', 'Lab_value', 'Diagnostic_procedure', 'Lab_value', 'Administration', 'Medication']"
307,['risk calculators'],['Diagnostic_procedure']
308,"['diffusion', 'weighted', 'imaging', 'vascularization', 'hepatocellular', 'lesions']","['Detailed_description', 'Detailed_description', 'Diagnostic_procedure', 'Sign_symptom', 'Biological_structure', 'Sign_symptom']"
309,"['confined placental mosaicism', 'adverse perinatal', 'outcomes', 'ivf']","['Detailed_description', 'Lab_value', 'Sign_symptom', 'Detailed_description']"
310,"['elderly', 'different', 'care needs', 'younger']","['Detailed_description', 'Lab_value', 'History', 'Subject']"
311,"['increased', 'nerve length', 'treatment', 'improve', 'trigeminal', 'neuralgia', 'radiosurgery']","['Lab_value', 'Diagnostic_procedure', 'Coreference', 'Lab_value', 'Biological_structure', 'Sign_symptom', 'Disease_disorder']"
312,"['amblyopia', 'visual loss']","['Disease_disorder', 'Disease_disorder']"
313,['elderly'],['Family_history']
314,['ct'],['Diagnostic_procedure']
315,"['arch form', 'sagittal', 'molar relationship']","['Coreference', 'Diagnostic_procedure', 'Sign_symptom']"
316,"['pull', 'through', 'through']","['Coreference', 'Coreference', 'Coreference']"
317,"['temperature', 'kidney']","['Diagnostic_procedure', 'Biological_structure']"
318,"['human immunodeficiency virus', 'end - stage renal', 'disease', 'transplantation']","['Disease_disorder', 'History', 'Disease_disorder', 'Therapeutic_procedure']"
319,"['minimal access', 'surgery', 'newborn']","['Detailed_description', 'Therapeutic_procedure', 'Biological_structure']"
320,"['increased', 'awareness', 'improve']","['Lab_value', 'Diagnostic_procedure', 'Lab_value']"
321,"['care', 'care']","['Diagnostic_procedure', 'Therapeutic_procedure']"
322,"['health habits', 'vaccination status', 'lebanese']","['Diagnostic_procedure', 'Diagnostic_procedure', 'Personal_background']"
323,['amblyopia'],['Disease_disorder']
324,"['insertion', 'ace', 'insulin resistance']","['Detailed_description', 'Coreference', 'Medication']"
325,"['fetal gender', 'department', 'visits', 'asthma']","['History', 'Nonbiological_location', 'Clinical_event', 'History']"
326,"['blunt trauma', 'intoxicated', 'computed tomography', 'abdomen']","['Disease_disorder', 'Detailed_description', 'Diagnostic_procedure', 'Biological_structure']"
327,"['avascular', 'bone', 'systemic', 'lupus', 'erythematosus', 'antiphospholipid']","['Detailed_description', 'Biological_structure', 'Detailed_description', 'Disease_disorder', 'Disease_disorder', 'Diagnostic_procedure']"
328,"['uterine', 'myomas', 'myomas']","['Biological_structure', 'Coreference', 'Disease_disorder']"
329,"['foreign bodies', 'migrate']","['Sign_symptom', 'Sign_symptom']"
330,"['anterior / apical', 'repair', 'midurethral', 'sling', 'improve', 'bladder']","['Detailed_description', 'Therapeutic_procedure', 'Biological_structure', 'Therapeutic_procedure', 'Lab_value', 'Biological_structure']"
331,"['hypoalbuminemia', 'gastric']","['Sign_symptom', 'Biological_structure']"
332,['heterogeneity'],['Sign_symptom']
333,"['growth rate', 'gallbladder', 'polyp', 'neoplastic polyp']","['Diagnostic_procedure', 'Biological_structure', 'Coreference', 'Coreference']"
334,"['gastric', 'magnetic resonance imaging']","['Biological_structure', 'Diagnostic_procedure']"
335,"['hepatitis g virus', 'tt', 'virus', 'cryptogenic', 'chronic', 'liver']","['Disease_disorder', 'Disease_disorder', 'Coreference', 'Detailed_description', 'Detailed_description', 'Biological_structure']"
336,"[""werlhof ' s disease"", 'bleeding', 'complications']","['Disease_disorder', 'Sign_symptom', 'Disease_disorder']"
337,"['mammographic density', 'margin', 're - excision rate']","['Diagnostic_procedure', 'Diagnostic_procedure', 'Diagnostic_procedure']"
338,"['uk', 'radiologists', 'satisfied']","['Diagnostic_procedure', 'Diagnostic_procedure', 'Lab_value']"
339,"['oblique', 'views', 'spondylolysis']","['Detailed_description', 'Coreference', 'Disease_disorder']"
340,"['bile duct', 'bile duct stones']","['Coreference', 'Sign_symptom']"
341,['bedside assessment'],['Diagnostic_procedure']
342,"['frozen section', 'surgical management', 'multinodular', 'thyroid']","['Therapeutic_procedure', 'Therapeutic_procedure', 'Detailed_description', 'Disease_disorder']"
343,"['type 1 diabetes mellitus', 'affect', 'achilles tendon', '10a', 'km']","['Disease_disorder', 'Sign_symptom', 'Biological_structure', 'Dosage', 'Lab_value']"
344,"['higher', 'depression', 'women']","['Lab_value', 'Sign_symptom', 'Sex']"
345,"['indigenous', 'australians', 'age']","['Personal_background', 'Family_history', 'History']"
346,"['adjuvant radiation', 'stage iii']","['Detailed_description', 'Detailed_description']"
347,['diabetes'],['Disease_disorder']
348,"['smoking', 'myocardial infarction', 'women']","['History', 'Disease_disorder', 'Sex']"
349,"['diabetes mellitus', 'swedish', 'art glass workers', 'arsenic']","['Disease_disorder', 'Detailed_description', 'Occupation', 'Disease_disorder']"
350,"['liver', 'metastases', 'colorectal carcinoma', 'pet', '/', 'ct', 'multidetector', 'ct']","['Biological_structure', 'Disease_disorder', 'Disease_disorder', 'Diagnostic_procedure', 'Diagnostic_procedure', 'Diagnostic_procedure', 'Detailed_description', 'Diagnostic_procedure']"
351,"['epidural analgesia', 'peritoneal', 'carcinomatosis']","['Therapeutic_procedure', 'Biological_structure', 'Disease_disorder']"
352,"['acute', 'changes', 'heart rate', 'isoproterenol', 'aortic', 'stiffness', 'hypertension']","['Detailed_description', 'Lab_value', 'Diagnostic_procedure', 'Medication', 'Biological_structure', 'Sign_symptom', 'Disease_disorder']"
353,"['implantable', 'venous access device', 'interventional', 'radiologists', 'antibiotics']","['Detailed_description', 'Therapeutic_procedure', 'Nonbiological_location', 'Therapeutic_procedure', 'Medication']"
354,"['increasing', 'blood ph', 'stimulate', 'protein synthesis', 'dialysis']","['Lab_value', 'Diagnostic_procedure', 'Lab_value', 'Diagnostic_procedure', 'Therapeutic_procedure']"
355,"['necrotizing', 'fasciitis']","['Detailed_description', 'Disease_disorder']"
356,"['arthrography', 'local']","['Diagnostic_procedure', 'Detailed_description']"
357,"['low', 'tone', 'sudden', 'deafness', ""meniere ' s disease""]","['Detailed_description', 'Detailed_description', 'Detailed_description', 'Disease_disorder', 'Disease_disorder']"
358,"['complex fractionated', 'atrial', 'electrograms', 'atrial', 'fibrillation', 'rhythm']","['Detailed_description', 'Biological_structure', 'Diagnostic_procedure', 'Disease_disorder', 'Coreference', 'Diagnostic_procedure']"
359,"['bicompartmental', 'knee', 'arthroplasty', 'knee', 'muscle', 'physical performance', 'total']","['Detailed_description', 'Biological_structure', 'Diagnostic_procedure', 'Biological_structure', 'Diagnostic_procedure', 'Diagnostic_procedure', 'Detailed_description']"
360,"['pain intensity', 'poor', 'opioid response']","['Sign_symptom', 'Lab_value', 'Sign_symptom']"
361,"['radiographic transition zone', 'aganglionosis', ""hirschsprung ' s disease""]","['Sign_symptom', 'Sign_symptom', 'Disease_disorder']"
362,"['neisseria', 'it']","['Biological_structure', 'Coreference']"
363,"['calibration', 'liquid chromatography', 'tandem mass spectrometry', 'testosterone measurement']","['Coreference', 'Diagnostic_procedure', 'Diagnostic_procedure', 'Diagnostic_procedure']"
364,"['internal derangement', 'temporomandibular joint', 'ultrasound']","['Sign_symptom', 'Biological_structure', 'Therapeutic_procedure']"
365,"['delivery mode', 'women', 'of life', 'rural']","['Therapeutic_procedure', 'Sex', 'Diagnostic_procedure', 'Detailed_description']"
366,"['endovenous', 'laser', 'ablation', 'small', 'saphenous', 'varicose veins']","['Detailed_description', 'Detailed_description', 'Therapeutic_procedure', 'Detailed_description', 'Sign_symptom', 'Biological_structure']"
367,['fondaparinux'],['Coreference']
368,[],[]
369,"['chemotherapy', 'survival', 'advanced', 'non', 'small cell', 'lung', 'carcinoma']","['Medication', 'Lab_value', 'Severity', 'Detailed_description', 'Detailed_description', 'Biological_structure', 'Disease_disorder']"
370,"['puberty', 'parents']","['History', 'Subject']"
371,"['private health', 'care', 'nhs']","['Detailed_description', 'Therapeutic_procedure', 'Therapeutic_procedure']"
372,"['decompressive', 'surgery', 'spinal cord', 'sarcoidosis', 'compressive', 'cervical', 'myelopathy']","['Therapeutic_procedure', 'Therapeutic_procedure', 'Biological_structure', 'Disease_disorder', 'Detailed_description', 'Biological_structure', 'Disease_disorder']"
373,"['polyvalent', 'antivenin', 'rattlesnake bites', 'serious', 'acute']","['Detailed_description', 'Medication', 'Disease_disorder', 'Severity', 'Detailed_description']"
374,"['perinatal education', 'improved', 'practice']","['Therapeutic_procedure', 'Lab_value', 'Diagnostic_procedure']"
375,[],[]
376,"['alloimmunization', 'thrombocytopenia']","['Sign_symptom', 'Sign_symptom']"
377,"['globulomaxillary', 'cysts', 'they', 'exist']","['Biological_structure', 'Sign_symptom', 'Coreference', 'Coreference']"
378,"['colorectal cancer', 'synchronous', 'liver', 'metastases', 'global management', 'centre', 'improve']","['Disease_disorder', 'Detailed_description', 'Biological_structure', 'Coreference', 'Therapeutic_procedure', 'Nonbiological_location', 'Lab_value']"
379,"['octogenarians', 'high', 'endarterectomy']","['Diagnostic_procedure', 'Lab_value', 'Therapeutic_procedure']"
380,"['pelvic', 'ct', 'renal cell carcinoma']","['Biological_structure', 'Diagnostic_procedure', 'Disease_disorder']"
381,['circumcision'],['Therapeutic_procedure']
382,"['neuroendoscope', 'ventriculoperitoneal', 'shunt']","['Diagnostic_procedure', 'Biological_structure', 'Sign_symptom']"
383,"['termination', 'pregnancy', 'different', 'fetuses', 'congenital anomalies', 'conceived', 'assisted', 'reproductive techniques']","['History', 'History', 'Lab_value', 'Subject', 'Family_history', 'Detailed_description', 'Therapeutic_procedure', 'History']"
384,"['somatostatin', '2a', 'immunohistochemistry', 'somatostatin', 'scintigraphy', 'tumor']","['Diagnostic_procedure', 'Detailed_description', 'Diagnostic_procedure', 'Diagnostic_procedure', 'Diagnostic_procedure', 'Sign_symptom']"
385,"['growth hormone replacement therapy', 'growth hormone deficiency']","['Medication', 'Disease_disorder']"
386,"['decisional', 'algorithms', 'global', 'introspection', 'adrs']","['Diagnostic_procedure', 'Detailed_description', 'Detailed_description', 'Sign_symptom', 'Disease_disorder']"
387,"['sternal', 'skin conductance']","['Biological_structure', 'Diagnostic_procedure']"
388,"['androgen deficiency', 'aging', 'men', 'partial', 'androgenic deficiency', 'aging', 'men']","['Disease_disorder', 'Disease_disorder', 'Sex', 'Detailed_description', 'Disease_disorder', 'Subject', 'Sex']"
389,['unintended pregnancy'],['History']
390,"['mesopic pupil size', 'cobalt', 'blue', 'light', 'slit - lamp', 'biomicroscopy']","['Sign_symptom', 'Detailed_description', 'Lab_value', 'Detailed_description', 'Diagnostic_procedure', 'Diagnostic_procedure']"
391,"['stress', 'imitation', 'drinking']","['Sign_symptom', 'Activity', 'Activity']"
392,"['clinical variables', 'pathologic', 'radiographs', 'wheezing']","['Diagnostic_procedure', 'Detailed_description', 'Diagnostic_procedure', 'Sign_symptom']"
393,"['provider', 'lung']","['Nonbiological_location', 'Biological_structure']"
394,"['laminoplasty', 'degenerative', 'stenosis', 'ossification', 'posterior longitudinal ligament']","['Diagnostic_procedure', 'Detailed_description', 'Disease_disorder', 'Disease_disorder', 'Biological_structure']"
395,"['overweight', 'children', 'overweight']","['Family_history', 'Subject', 'Family_history']"
396,"['liver', 'surgery', 'air']","['Biological_structure', 'Therapeutic_procedure', 'Biological_structure']"
397,"['chest', 'radiography', 'transbronchial', 'biopsy']","['Biological_structure', 'Diagnostic_procedure', 'Biological_structure', 'Diagnostic_procedure']"
398,"['acid', 'congenital heart defects']","['Diagnostic_procedure', 'Disease_disorder']"
399,"['sutures', 'hiatal', 'hernia', 'repair', 'laparoscopic', 'adjustable', 'gastric']","['Therapeutic_procedure', 'Biological_structure', 'Disease_disorder', 'Therapeutic_procedure', 'Detailed_description', 'Detailed_description', 'Biological_structure']"
400,"['care benefits', 'kenya', 'universal']","['Diagnostic_procedure', 'Nonbiological_location', 'Detailed_description']"
401,"['women', 'major', 'depression', 'pregnancy']","['Sex', 'Severity', 'Sign_symptom', 'Disease_disorder']"
402,"['bone thickness', 'inter - radicular space', 'miniscrew', 'posterior mandibular sites']","['Diagnostic_procedure', 'Biological_structure', 'Diagnostic_procedure', 'Biological_structure']"
403,"['spect study', 'i - 123 - ioflupane', 'datscan', 'essential', ""parkinson ' s disease""]","['Diagnostic_procedure', 'Medication', 'Medication', 'Detailed_description', 'Disease_disorder']"
404,"['colorectal cancers', 'missed', 'adenomas']","['Disease_disorder', 'Disease_disorder', 'Detailed_description']"
405,"['assessment', 'acute', 'febrile', 'sickle cell disease']","['Diagnostic_procedure', 'Detailed_description', 'Detailed_description', 'Disease_disorder']"
406,"['nonproliferative', 'breast', 'proliferative', 'breast', 'atypia', 'fine', 'needle aspiration', 'cytology']","['Detailed_description', 'Biological_structure', 'Detailed_description', 'Biological_structure', 'Sign_symptom', 'Detailed_description', 'Detailed_description', 'Diagnostic_procedure']"
407,"['vancomycin', 'mic', 'creep']","['Coreference', 'Detailed_description', 'Sign_symptom']"
408,"['vitamin d deficiency', 'celiac']","['Disease_disorder', 'Disease_disorder']"
409,"['renal', 'warm', 'ischemia', 'over', '30 minutes', 'laparoscopic', 'partial', 'nephrectomy']","['Biological_structure', 'Qualitative_concept', 'Sign_symptom', 'Duration', 'Detailed_description', 'Detailed_description', 'Detailed_description', 'Therapeutic_procedure']"
410,"['psa', 'fluctuating levels']","['Diagnostic_procedure', 'Lab_value']"
411,"['breast', 'adjuvant', 'chemotherapy']","['Biological_structure', 'Detailed_description', 'Medication']"
412,"['well differentiated', 'small', 'carcinoma', 'well differentiated', 'hepatocellular carcinoma']","['Detailed_description', 'Detailed_description', 'Disease_disorder', 'Detailed_description', 'Disease_disorder']"
413,"['preoperative', 'medically supervised', 'weight loss program', 'improve', 'bariatric']","['Detailed_description', 'Detailed_description', 'Therapeutic_procedure', 'Lab_value', 'Therapeutic_procedure']"
414,"['bony defects', 'chronic', 'anterior', 'posttraumatic dislocation', 'shoulder', 'humeral', 'glenoidal', 'lesions']","['Sign_symptom', 'Detailed_description', 'Biological_structure', 'Disease_disorder', 'Biological_structure', 'Biological_structure', 'Biological_structure', 'Sign_symptom']"
415,"['bracket', 'three months']","['Therapeutic_procedure', 'Duration']"
416,['cigarette tax rate'],['Diagnostic_procedure']
417,"['negative margins', 'breast', 'conservation', 'breast']","['Lab_value', 'Therapeutic_procedure', 'Therapeutic_procedure', 'Biological_structure']"
418,"['abdominal aortic', 'aneurysm surgery', 'distal']","['Biological_structure', 'Therapeutic_procedure', 'Detailed_description']"
419,"['discharging', 'winnipeg']","['Clinical_event', 'Nonbiological_location']"
420,"['surgical management', 'ascending aorta']","['Therapeutic_procedure', 'Biological_structure']"
421,['serum paraoxonase'],['Diagnostic_procedure']
422,"['antibiotics', 'decrease', 'tonsillectomy']","['Medication', 'Lab_value', 'Therapeutic_procedure']"
423,"['prostate specific antigen', 'body mass index']","['Diagnostic_procedure', 'Diagnostic_procedure']"
424,"['insert', 'nasobiliary drainage tube', 'clearance', 'common bile duct', 'choledocholithiasis', 'cholangitis']","['Therapeutic_procedure', 'Therapeutic_procedure', 'Therapeutic_procedure', 'Biological_structure', 'Disease_disorder', 'Disease_disorder']"
425,"['antiepileptic', 'suicidality']","['Medication', 'Other_event']"
426,"['high flow', 'nasal', 'cannulae', 'noisier', 'bubble', 'cpap', 'preterm']","['Detailed_description', 'Biological_structure', 'Coreference', 'Lab_value', 'Detailed_description', 'Therapeutic_procedure', 'Subject']"
427,"['arginine', 'vasopressin v1a receptor', 'hypersexuality', 'prepubertal', 'early adolescent', 'bipolar disorder phenotype']","['Diagnostic_procedure', 'Diagnostic_procedure', 'History', 'History', 'History', 'History']"
428,"['carotid', 'endarterectomy']","['Therapeutic_procedure', 'Therapeutic_procedure']"
429,"['supervised', 'colorectal trainees', 'consultants', 'tme']","['Detailed_description', 'Diagnostic_procedure', 'Detailed_description', 'Disease_disorder']"
430,"['major', 'depression', 'alcohol use disorder', 'poorer', 'depression']","['Severity', 'Disease_disorder', 'Disease_disorder', 'Lab_value', 'Sign_symptom']"
431,"['perioperative care', 'animal model', 'abdominal', 'preoperative', 'fasting']","['Therapeutic_procedure', 'Detailed_description', 'Biological_structure', 'Therapeutic_procedure', 'Therapeutic_procedure']"
432,"['metastatic', 'carcinoma', 'cervical nodes', 'neck', 'neck']","['Detailed_description', 'Disease_disorder', 'Biological_structure', 'Biological_structure', 'Biological_structure']"
433,"['viral', 'infection', 'acute', 'respiratory', 'infection']","['Detailed_description', 'Coreference', 'Detailed_description', 'Biological_structure', 'Disease_disorder']"
434,"['cardiopulmonary bypass', 'temperature', 'euthyroid']","['Therapeutic_procedure', 'Diagnostic_procedure', 'Disease_disorder']"
435,"['xanthogranulomatous', 'cholecystitis', 'condition']","['Disease_disorder', 'Disease_disorder', 'Coreference']"
436,"['septoplasty', 'hypertrophy', 'middle turbinate']","['Sign_symptom', 'Sign_symptom', 'Biological_structure']"
437,['prescriptions'],['History']
438,"['antiretroviral agents', 'single dosage', 'enhance', 'quality', 'life']","['Medication', 'Dosage', 'Lab_value', 'Diagnostic_procedure', 'Diagnostic_procedure']"
439,"['desflurane', 'alter', 'ventricular function']","['Medication', 'Lab_value', 'Diagnostic_procedure']"
440,['fluoroscopy'],['Diagnostic_procedure']
441,"['amblyopia', 'normalise', 'subfoveal', 'choroidal thickness', 'amblyopic', 'children']","['Disease_disorder', 'Sign_symptom', 'Biological_structure', 'Sign_symptom', 'Disease_disorder', 'Subject']"
442,['tumor'],['Sign_symptom']
443,"['performance', 'selection processes']","['Diagnostic_procedure', 'Diagnostic_procedure']"
444,['antiretroviral therapy'],['Medication']
445,"['expression', 'c - kit', 'hepatitis', 'cirrhosis', 'hepatocellular carcinoma']","['Lab_value', 'Diagnostic_procedure', 'Detailed_description', 'Disease_disorder', 'Disease_disorder']"
446,['calprotectin'],['Medication']
447,"['shaving', 'incision site', 'increase', 'infection', 'spinal']","['Therapeutic_procedure', 'Biological_structure', 'Lab_value', 'Sign_symptom', 'Biological_structure']"
448,"['follicle assessment', 'ivf', 'better', 'age', 'fsh']","['Diagnostic_procedure', 'Coreference', 'Lab_value', 'Diagnostic_procedure', 'Disease_disorder']"
449,"['contralateral', 'hydrocele', 'neonatal', 'torsion', 'more?']","['Detailed_description', 'Sign_symptom', 'Biological_structure', 'Sign_symptom', 'Lab_value']"
450,"['parents', 'recall', 'understand', 'children', 'weight status', 'bmi']","['Subject', 'Sign_symptom', 'Detailed_description', 'Diagnostic_procedure', 'Diagnostic_procedure', 'Diagnostic_procedure']"
451,"['web', 'clinic', 'samples', 'gay', 'men', 'hiv', 'symptoms']","['Detailed_description', 'Detailed_description', 'Diagnostic_procedure', 'Personal_background', 'Sex', 'History', 'Sign_symptom']"
452,"['home sampling kits', 'sexually transmitted infections', 'men', 'sex', 'men']","['Diagnostic_procedure', 'Disease_disorder', 'Sex', 'Activity', 'Sex']"
453,"['rugby', 'headgear', 'concussion']","['Biological_structure', 'Biological_structure', 'Sign_symptom']"
454,"['body mass index', 'bmi', 'survival', 'gastric', 'gastrectomy']","['Diagnostic_procedure', 'Diagnostic_procedure', 'Lab_value', 'Biological_structure', 'Therapeutic_procedure']"
455,"['incomplete', 'traumatic', 'spinal cord injury']","['Detailed_description', 'Detailed_description', 'Disease_disorder']"
456,"['hydrophilic', 'guidewires', 'improve', 'peripheral', 'pta']","['Detailed_description', 'Coreference', 'Lab_value', 'Detailed_description', 'Diagnostic_procedure']"
457,"['molluscum', 'herpes', 'infection', 'increased', 'atopic']","['Disease_disorder', 'Disease_disorder', 'Disease_disorder', 'Lab_value', 'Detailed_description']"
458,"['ambulance', 'assaults']","['Nonbiological_location', 'Disease_disorder']"
459,"['irritable', 'bowel syndrome']","['Sign_symptom', 'Disease_disorder']"
460,"['health - related', 'quality', 'of', 'life', 'non', 'small', 'cell', 'lung']","['Sign_symptom', 'Diagnostic_procedure', 'Sign_symptom', 'Diagnostic_procedure', 'Detailed_description', 'Detailed_description', 'Detailed_description', 'Biological_structure']"
461,"['vaginal', 'dose assessment', 'image - guided', 'brachytherapy', 'cervical']","['Biological_structure', 'Diagnostic_procedure', 'Detailed_description', 'Therapeutic_procedure', 'Biological_structure']"
462,['endothelin - 1'],['Diagnostic_procedure']
463,"['vitamin d', 'deficiency', 'osteochondritis dissecans']","['Diagnostic_procedure', 'Sign_symptom', 'Disease_disorder']"
464,"['treatment', 'lung', 'premature infants']","['Coreference', 'Biological_structure', 'Subject']"
465,"[""crohn ' s disease""]",['Disease_disorder']
466,"['french', 'lay people', 'health professionals', 'wife', 'sexually transmitted disease']","['Personal_background', 'Subject', 'Nonbiological_location', 'Subject', 'Disease_disorder']"
467,"['anticoagulated', 'hemorrhage']","['Therapeutic_procedure', 'Therapeutic_procedure']"
468,"['elderly patients', 'call', '911', 'acute', 'stroke']","['Subject', 'Clinical_event', 'Nonbiological_location', 'Detailed_description', 'Coreference']"
469,"['opioid dependence', 'methadone', 'mmt']","['Disease_disorder', 'Medication', 'Disease_disorder']"
470,"['chest', 'irradiation', 'mastectomy', 'negative', 'node', 'breast']","['Biological_structure', 'Therapeutic_procedure', 'Therapeutic_procedure', 'Lab_value', 'Biological_structure', 'Biological_structure']"
471,"['managed care', 'low', 'income']","['Therapeutic_procedure', 'Detailed_description', 'Family_history']"
472,"['cell death', 'mesial', 'temporal', 'sclerosis']","['Sign_symptom', 'Biological_structure', 'Detailed_description', 'Sign_symptom']"
473,"['vaginal', 'intraepithelial neoplasia', 'cervical', 'intraepithelial neoplasia']","['Biological_structure', 'Coreference', 'Biological_structure', 'Coreference']"
474,"['improve', 'eye care services', 'low - income']","['Lab_value', 'Therapeutic_procedure', 'Detailed_description']"
475,"['hif1a', 'age - related', 'macular degeneration']","['Diagnostic_procedure', 'Detailed_description', 'Disease_disorder']"
476,"['sputum', 'systemic', 'inflammation', 'paucigranulocytic', 'asthmatics', 'non', 'inflammatory']","['Biological_structure', 'Detailed_description', 'Sign_symptom', 'History', 'History', 'Detailed_description', 'Detailed_description']"
477,"['injury', 'severity', 'heterotopic', 'ossification', 'fractures', 'acetabulum']","['Sign_symptom', 'Severity', 'Detailed_description', 'Sign_symptom', 'Disease_disorder', 'Biological_structure']"
478,"['obstructive', 'sleep apnea']","['Detailed_description', 'Sign_symptom']"
479,"['30', 'day', '1 - year', 'mortality', 'emergency', 'general surgery', 'laparotomies']","['Duration', 'Duration', 'Duration', 'Diagnostic_procedure', 'Detailed_description', 'Therapeutic_procedure', 'Therapeutic_procedure']"
480,"['process indicators', 'quality', 'care', 'colorectal cancer']","['Diagnostic_procedure', 'Diagnostic_procedure', 'Diagnostic_procedure', 'Disease_disorder']"
481,"['elderly', 'oropharyngeal', 'carcinoma']","['Sex', 'Biological_structure', 'Disease_disorder']"
482,"['older', 'stroke']","['Subject', 'Therapeutic_procedure']"
483,"['pregnancy', 'antenatal', 'corticosteroid']","['Activity', 'Administration', 'Medication']"
484,"['hiv', 'infected', 'silent', 'myocardial', 'ischaemia', 'gated myocardial perfusion']","['History', 'Subject', 'Detailed_description', 'Biological_structure', 'Sign_symptom', 'Detailed_description']"
485,['phonological awareness'],['Diagnostic_procedure']
486,"['bcrabl', 'quantitative', 'real - time', 'pcr', 'homebrew assays']","['Diagnostic_procedure', 'Detailed_description', 'Detailed_description', 'Diagnostic_procedure', 'Detailed_description']"
487,"['immunoreactivity', 'urothelial carcinoma', 'adjuvant', 'm - vec', 'chemotherapy']","['Diagnostic_procedure', 'Disease_disorder', 'Detailed_description', 'Medication', 'Medication']"
488,"['transmission of', 'drinking patterns']","['Family_history', 'Sign_symptom']"
489,"['bactericidal activity', '3', 'cutaneous / mucosal', 'antiseptic solutions', 'presence', 'interfering', 'substances', 'improvement', 'nf', '13727', '?']","['Diagnostic_procedure', 'Lab_value', 'Detailed_description', 'Medication', 'Detailed_description', 'Sign_symptom', 'Detailed_description', 'Lab_value', 'Diagnostic_procedure', 'Lab_value', 'Lab_value']"
490,['ultrasound'],['Diagnostic_procedure']
491,"['practicing surgeon', 'early', 'lymphedema']","['Nonbiological_location', 'Detailed_description', 'Sign_symptom']"
492,['appendix'],['Biological_structure']
493,"['perspective', 'taking', 'increase', 'satisfaction']","['Diagnostic_procedure', 'Diagnostic_procedure', 'Lab_value', 'Diagnostic_procedure']"
494,"['sternal', 'fracture', 'growing children', 'rare', 'fracture']","['Biological_structure', 'Disease_disorder', 'Subject', 'Detailed_description', 'Disease_disorder']"
495,"['midwives', 'working in', 'rural location']","['Subject', 'Occupation', 'Occupation']"
496,"['severity', 'obstructive', 'sleep', 'apnea', 'high', 'continuous', 'airway pressure']","['Severity', 'Detailed_description', 'Sign_symptom', 'Disease_disorder', 'Lab_value', 'Therapeutic_procedure', 'Therapeutic_procedure']"
497,"['self', 'efficacy', 'sleep']","['Coreference', 'Sign_symptom', 'Diagnostic_procedure']"
498,"['mental health differences', 'francophone', 'non - francophone']","['Sign_symptom', 'Detailed_description', 'Detailed_description']"
499,[],[]
